team,team_code,association,fifa_rank,fifa_elo
Argentina,ARG,CONMEBOL,1,1876.118331
Spain,ESP,UEFA,2,1873.013187
France,FRA,UEFA,3,1869.428449
England,ENG,UEFA,4,1827.048678
Portugal,POR,UEFA,5,1766.177547
Brazil,BRA,CONMEBOL,6,1765.856297
Morocco,MAR,CAF,7,1755.100232
Netherlands,NED,UEFA,8,1751.097835
Belgium,BEL,UEFA,9,1742.235945
Germany,GER,UEFA,10,1735.771984
Croatia,CRO,UEFA,11,1714.865572
Italy,ITA,UEFA,12,1704.733836
Colombia,COL,CONMEBOL,13,1698.351858
Mexico,MEX,CONCACAF,14,1687.481759
Senegal,SEN,CAF,15,1686.412769
Uruguay,URU,CONMEBOL,16,1673.068603
United States,USA,CONCACAF,17,1671.2341
Japan,JPN,AFC,18,1661.576187
Switzerland,SUI,UEFA,19,1650.064179
Iran,IRN,AFC,20,1619.58163
Denmark,DEN,UEFA,21,1619.474248
Turkey,TUR,UEFA,22,1605.730921
Ecuador,ECU,CONMEBOL,23,1598.51582
Austria,AUT,UEFA,24,1597.404087
South Korea,KOR,AFC,25,1591.630886
Nigeria,NGA,CAF,26,1586.688586
Australia,AUS,AFC,27,1579.34264
Algeria,ALG,CAF,28,1571.033293
Egypt,EGY,CAF,29,1562.367246
Canada,CAN,CONCACAF,30,1559.479301
Norway,NOR,UEFA,31,1557.437664
Ukraine,UKR,UEFA,32,1549.287173
Ivory Coast,CIV,CAF,33,1540.869533
Panama,PAN,CONCACAF,34,1539.155509
Russia,RUS,UEFA,35,1527.237131
Poland,POL,UEFA,36,1526.183359
Wales,WAL,UEFA,37,1516.946629
Sweden,SWE,UEFA,38,1509.785392
Czech Republic,CZE,UEFA,39,1505.737856
Paraguay,PAR,CONMEBOL,40,1505.349689
Hungary,HUN,UEFA,41,1504.135797
Scotland,SCO,UEFA,42,1503.34027
Serbia,SRB,UEFA,43,1502.133186
Cameroon,CMR,CAF,44,1481.235245
DR Congo,COD,CAF,45,1479.684122
Tunisia,TUN,CAF,46,1476.405088
Slovakia,SVK,UEFA,47,1473.660727
Greece,GRE,UEFA,48,1473.187305
Venezuela,VEN,CONMEBOL,49,1464.303811
Uzbekistan,UZB,AFC,50,1461.208132
Peru,PER,CONMEBOL,51,1459.390555
Costa Rica,CRC,CONCACAF,52,1457.00228
Romania,ROU,UEFA,53,1455.894657
Mali,MLI,CAF,54,1455.586659
Chile,CHI,CONMEBOL,55,1452.939983
Iraq,IRQ,AFC,56,1451.153466
Qatar,QAT,AFC,57,1450.307729
Republic of Ireland,IRL,UEFA,58,1441.096901
Slovenia,SVN,UEFA,59,1441.087158
South Africa,RSA,CAF,60,1428.379282
Saudi Arabia,KSA,AFC,61,1421.538339
Burkina Faso,BFA,CAF,62,1408.541965
Jordan,JOR,AFC,63,1387.738222
Bosnia and Herzegovina,BIH,UEFA,64,1387.215771
Honduras,HON,CONCACAF,65,1378.970301
Albania,ALB,UEFA,66,1376.033234
Cape Verde,CPV,CAF,67,1371.10798
United Arab Emirates,UAE,AFC,68,1370.469434
North Macedonia,MKD,UEFA,69,1369.159317
Northern Ireland,NIR,UEFA,70,1366.564198
Jamaica,JAM,CONCACAF,71,1357.840144
Georgia,GEO,UEFA,72,1355.261687
Ghana,GHA,CAF,73,1346.881205
Iceland,ISL,UEFA,74,1343.920201
Finland,FIN,UEFA,75,1341.922408
Israel,ISR,UEFA,76,1333.904007
Bolivia,BOL,CONMEBOL,77,1325.995377
Kosovo,KOS,UEFA,78,1319.120924
Oman,OMA,AFC,79,1306.901717
Montenegro,MNE,UEFA,80,1301.977191
Guinea,GUI,CAF,81,1295.598845
Curaçao,CUW,CONCACAF,82,1294.76909
Haiti,HAI,CONCACAF,83,1293.096585
Syria,SYR,AFC,84,1283.051902
New Zealand,NZL,OFC,85,1275.581062
Gabon,GAB,CAF,86,1272.508139
Bulgaria,BUL,UEFA,87,1271.683325
Uganda,UGA,CAF,88,1264.090591
Angola,ANG,CAF,89,1262.219698
Benin,BEN,CAF,90,1258.224853
Zambia,ZAM,CAF,91,1255.821846
China,CHN,AFC,92,1254.848285
Bahrain,BHR,AFC,93,1254.406799
Thailand,THA,AFC,94,1250.763879
Palestine,PLE,AFC,95,1244.216499
Belarus,BLR,UEFA,96,1241.324607
Guatemala,GUA,CONCACAF,97,1238.74375
Luxembourg,LUX,UEFA,98,1232.81815
Vietnam,VIE,AFC,99,1225.67943
Tajikistan,TJK,AFC,100,1225.518979
El Salvador,SLV,CONCACAF,101,1225.344607
Mozambique,MOZ,CAF,102,1224.311107
Trinidad and Tobago,TRI,CONCACAF,103,1221.951833
Madagascar,MAD,CAF,104,1202.689766
Equatorial Guinea,EQG,CAF,105,1195.197081
Kyrgyzstan,KGZ,AFC,106,1191.655395
Armenia,ARM,UEFA,107,1191.334973
Comoros,COM,CAF,108,1187.9109
Kenya,KEN,CAF,109,1185.076631
Kazakhstan,KAZ,UEFA,110,1183.038315
Libya,LBY,CAF,111,1182.081264
Niger,NIG,CAF,112,1180.416678
Tanzania,TAN,CAF,113,1180.267847
Lebanon,LBN,AFC,114,1172.215162
Mauritania,MTN,CAF,115,1171.596379
Gambia,GAM,CAF,116,1159.637808
Sudan,SDN,CAF,117,1157.223901
Sierra Leone,SLE,CAF,118,1153.309176
Indonesia,IDN,AFC,119,1151.448115
North Korea,PRK,AFC,120,1151.052136
Namibia,NAM,CAF,121,1148.839695
Togo,TOG,CAF,122,1146.703618
Cyprus,CYP,UEFA,123,1133.247165
Suriname,SUR,CONCACAF,124,1132.425895
Faroe Islands,FRO,UEFA,125,1131.984479
Azerbaijan,AZE,UEFA,126,1130.263211
Rwanda,RWA,CAF,127,1126.622275
Estonia,EST,UEFA,128,1126.256951
Malawi,MWI,CAF,129,1122.488082
Zimbabwe,ZIM,CAF,130,1119.77695
Nicaragua,NCA,CONCACAF,131,1114.634184
Guinea-Bissau,GNB,CAF,132,1108.381553
Kuwait,KUW,AFC,133,1106.474587
Congo,CGO,CAF,134,1105.964661
Philippines,PHI,AFC,135,1096.72639
Latvia,LVA,UEFA,136,1090.261315
Malaysia,MAS,AFC,137,1086.218087
Central African Republic,CTA,CAF,138,1084.180103
India,IND,AFC,139,1083.601894
Turkmenistan,TKM,AFC,140,1078.652346
Burundi,BDI,CAF,141,1078.009468
Ethiopia,ETH,CAF,142,1077.086308
Dominican Republic,DOM,CONCACAF,143,1076.498501
Liberia,LBR,CAF,144,1074.686684
Yemen,YEM,AFC,145,1065.236881
Lesotho,LES,CAF,146,1064.285838
Botswana,BOT,CAF,147,1063.631368
Lithuania,LTU,UEFA,148,1061.22966
Singapore,SGP,AFC,149,1057.950212
Guyana,GUY,CONCACAF,150,1049.320241
New Caledonia,NCL,OFC,151,1036.952253
Saint Kitts and Nevis,SKN,CONCACAF,152,1036.334924
Solomon Islands,SOL,OFC,153,1031.894156
Hong Kong,HKG,AFC,154,1030.240953
Fiji,FIJ,OFC,155,1024.384218
Puerto Rico,PUR,CONCACAF,156,1024.297312
Tahiti,TAH,OFC,157,1019.036032
Myanmar,MYA,AFC,158,1015.138408
Moldova,MDA,UEFA,159,1006.537824
Vanuatu,VAN,OFC,160,1002.318941
Malta,MLT,UEFA,161,992.793497
Antigua and Barbuda,ATG,CONCACAF,162,986.584414
Grenada,GRN,CONCACAF,163,981.823973
Cuba,CUB,CONCACAF,164,981.423455
Eswatini,SWZ,CAF,165,979.013939
Saint Lucia,LCA,CONCACAF,166,976.708996
Bermuda,BER,CONCACAF,167,975.053746
Papua New Guinea,PNG,OFC,168,974.9011
Afghanistan,AFG,AFC,169,971.202635
South Sudan,SSD,CAF,170,970.944527
Saint Vincent and the Grenadines,VIN,CONCACAF,171,968.269638
Andorra,AND,UEFA,172,946.429826
Maldives,MDV,AFC,173,943.917901
Taiwan,TPE,AFC,174,923.782643
Montserrat,MSR,CONCACAF,175,916.75251
Cambodia,CAM,AFC,176,916.241304
Nepal,NEP,AFC,177,914.541224
Mauritius,MRI,CAF,178,911.487501
Barbados,BRB,CONCACAF,179,909.893208
Belize,BLZ,CONCACAF,180,907.001211
Bangladesh,BAN,AFC,181,902.92965
Dominica,DMA,CONCACAF,182,897.686437
Chad,CHA,CAF,183,896.852819
Eritrea,ERI,CAF,184,887.063341
Laos,LAO,AFC,185,885.028891
Cook Islands,COK,OFC,186,877.534995
Samoa,SAM,OFC,187,876.407812
Bhutan,BHU,AFC,188,875.845061
Aruba,ARU,CONCACAF,189,875.61115
Mongolia,MNG,AFC,190,874.469074
Sri Lanka,SRI,AFC,191,871.820215
American Samoa,ASA,OFC,192,871.612081
Brunei,BRU,AFC,193,863.09176
Macau,MAC,AFC,194,858.03342
São Tomé and Príncipe,STP,CAF,195,855.438666
Djibouti,DJI,CAF,196,853.581786
Cayman Islands,CAY,CONCACAF,197,850.061011
Somalia,SOM,CAF,198,839.169697
Pakistan,PAK,AFC,199,837.151593
Tonga,TGA,OFC,200,835.64241
Timor-Leste,TLS,AFC,201,825.639984
Gibraltar,GIB,UEFA,202,820.260818
Guam,GUM,AFC,203,819.540575
Seychelles,SEY,CAF,204,804.161509
Turks and Caicos Islands,TCA,CONCACAF,205,803.980015
Liechtenstein,LIE,UEFA,206,797.701009
Bahamas,BAH,CONCACAF,207,786.816217
United States Virgin Islands,VIR,CONCACAF,208,779.764266
British Virgin Islands,VGB,CONCACAF,209,777.405734
Anguilla,AIA,CONCACAF,210,760.251852
San Marino,SMR,UEFA,211,722.933728
