year,date,round,home_team,away_team,home_score,away_score,home_penalty,away_penalty,home_elo,away_elo,home_form,away_form,home_comp_form,away_comp_form,result
1998,1998-06-10,Group stage,Brazil,Scotland,2,1,,,2071.0,1810.0,-1.2531,0.6729,2.8562,2.8294,1
1998,1998-06-10,Group stage,Morocco,Norway,2,2,,,1573.0,1817.0,5.8798,3.2285,10.9616,2.3753,0
1998,1998-06-11,Group stage,Italy,Chile,2,2,,,1991.0,1724.0,0.593,1.3863,-0.7315,-2.6558,0
1998,1998-06-11,Group stage,Cameroon,Austria,1,1,,,1663.0,1690.0,-0.0876,4.8241,0.6554,5.4956,0
1998,1998-06-12,Group stage,Paraguay,Bulgaria,0,0,,,1843.0,1817.0,-5.7177,-0.495,-4.4577,-0.2154,0
1998,1998-06-12,Group stage,Saudi Arabia,Denmark,0,1,,,1666.0,1968.0,1.7646,0.5012,2.1574,-0.2182,-1
1998,1998-06-12,Group stage,France,South Africa,3,0,,,2038.0,1728.0,0.3043,-6.0908,1.7318,-4.1146,1
1998,1998-06-13,Group stage,Spain,Nigeria,2,3,,,1988.0,1622.0,3.3035,-1.4993,4.677,2.4326,-1
1998,1998-06-13,Group stage,South Korea,Mexico,1,3,,,1672.0,1814.0,0.9292,2.2161,7.0626,0.4408,-1
1998,1998-06-13,Group stage,Netherlands,Belgium,0,0,,,1926.0,1767.0,1.937,4.0928,1.9878,2.1976,0
1998,1998-06-14,Group stage,Argentina,Japan,1,0,,,1807.0,1707.0,3.2537,2.2669,2.949,1.7081,1
1998,1998-06-14,Group stage,Serbia,Iran,1,0,,,1953.0,1536.0,-0.3258,0.6165,2.5124,1.9956,1
1998,1998-06-14,Group stage,Jamaica,Croatia,1,3,,,1558.0,1874.0,2.8095,1.0032,8.4555,-0.8513,-1
1998,1998-06-15,Group stage,England,Tunisia,2,0,,,1872.0,1621.0,3.1577,2.4424,4.7942,3.6574,1
1998,1998-06-15,Group stage,Romania,Colombia,1,0,,,1865.0,1839.0,3.7279,-4.1541,-0.4891,-7.6874,1
1998,1998-06-15,Group stage,Germany,United States,2,0,,,2084.0,1743.0,-0.2183,6.2459,0.9137,4.8199,1
1998,1998-06-16,Group stage,Scotland,Norway,1,1,,,1810.0,1817.0,0.6729,3.2285,2.8294,2.3753,0
1998,1998-06-16,Group stage,Brazil,Morocco,3,0,,,2071.0,1573.0,-1.2531,5.8798,2.8562,10.9616,1
1998,1998-06-17,Group stage,Chile,Austria,1,1,,,1724.0,1690.0,1.3863,4.8241,-2.6558,5.4956,0
1998,1998-06-17,Group stage,Italy,Cameroon,3,0,,,1991.0,1663.0,0.593,-0.0876,-0.7315,0.6554,1
1998,1998-06-18,Group stage,South Africa,Denmark,1,1,,,1728.0,1968.0,-6.0908,0.5012,-4.1146,-0.2182,0
1998,1998-06-18,Group stage,France,Saudi Arabia,4,0,,,2038.0,1666.0,0.3043,1.7646,1.7318,2.1574,1
1998,1998-06-19,Group stage,Nigeria,Bulgaria,1,0,,,1622.0,1817.0,-1.4993,-0.495,2.4326,-0.2154,1
1998,1998-06-19,Group stage,Spain,Paraguay,0,0,,,1988.0,1843.0,3.3035,-5.7177,4.677,-4.4577,0
1998,1998-06-20,Group stage,Japan,Croatia,0,1,,,1707.0,1874.0,2.2669,1.0032,1.7081,-0.8513,-1
1998,1998-06-20,Group stage,Belgium,Mexico,2,2,,,1767.0,1814.0,4.0928,2.2161,2.1976,0.4408,0
1998,1998-06-20,Group stage,Netherlands,South Korea,5,0,,,1926.0,1672.0,1.937,0.9292,1.9878,7.0626,1
1998,1998-06-21,Group stage,Germany,Serbia,2,2,,,2084.0,1953.0,-0.2183,-0.3258,0.9137,2.5124,0
1998,1998-06-21,Group stage,Argentina,Jamaica,5,0,,,1807.0,1558.0,3.2537,2.8095,2.949,8.4555,1
1998,1998-06-21,Group stage,United States,Iran,1,2,,,1743.0,1536.0,6.2459,0.6165,4.8199,1.9956,-1
1998,1998-06-22,Group stage,Colombia,Tunisia,1,0,,,1839.0,1621.0,-4.1541,2.4424,-7.6874,3.6574,1
1998,1998-06-22,Group stage,Romania,England,2,1,,,1865.0,1872.0,3.7279,3.1577,-0.4891,4.7942,1
1998,1998-06-23,Group stage,Italy,Austria,2,1,,,1991.0,1690.0,0.593,4.8241,-0.7315,5.4956,1
1998,1998-06-23,Group stage,Chile,Cameroon,1,1,,,1724.0,1663.0,1.3863,-0.0876,-2.6558,0.6554,0
1998,1998-06-23,Group stage,Brazil,Norway,1,2,,,2071.0,1817.0,-1.2531,3.2285,2.8562,2.3753,-1
1998,1998-06-23,Group stage,Scotland,Morocco,0,3,,,1810.0,1573.0,0.6729,5.8798,2.8294,10.9616,-1
1998,1998-06-24,Group stage,South Africa,Saudi Arabia,2,2,,,1728.0,1666.0,-6.0908,1.7646,-4.1146,2.1574,0
1998,1998-06-24,Group stage,France,Denmark,2,1,,,2038.0,1968.0,0.3043,0.5012,1.7318,-0.2182,1
1998,1998-06-24,Group stage,Spain,Bulgaria,6,1,,,1988.0,1817.0,3.3035,-0.495,4.677,-0.2154,1
1998,1998-06-24,Group stage,Nigeria,Paraguay,1,3,,,1622.0,1843.0,-1.4993,-5.7177,2.4326,-4.4577,-1
1998,1998-06-25,Group stage,Netherlands,Mexico,2,2,,,1926.0,1814.0,1.937,2.2161,1.9878,0.4408,0
1998,1998-06-25,Group stage,Belgium,South Korea,1,1,,,1767.0,1672.0,4.0928,0.9292,2.1976,7.0626,0
1998,1998-06-25,Group stage,United States,Serbia,0,1,,,1743.0,1953.0,6.2459,-0.3258,4.8199,2.5124,-1
1998,1998-06-25,Group stage,Germany,Iran,2,0,,,2084.0,1536.0,-0.2183,0.6165,0.9137,1.9956,1
1998,1998-06-26,Group stage,Argentina,Croatia,1,0,,,1807.0,1874.0,3.2537,1.0032,2.949,-0.8513,1
1998,1998-06-26,Group stage,Japan,Jamaica,1,2,,,1707.0,1558.0,2.2669,2.8095,1.7081,8.4555,-1
1998,1998-06-26,Group stage,Romania,Tunisia,1,1,,,1865.0,1621.0,3.7279,2.4424,-0.4891,3.6574,0
1998,1998-06-26,Group stage,Colombia,England,0,2,,,1839.0,1872.0,-4.1541,3.1577,-7.6874,4.7942,-1
1998,1998-06-27,Round of 16,Italy,Norway,1,0,,,1991.0,1817.0,0.593,3.2285,-0.7315,2.3753,1
1998,1998-06-27,Round of 16,Brazil,Chile,4,1,,,2071.0,1724.0,-1.2531,1.3863,2.8562,-2.6558,1
1998,1998-06-28,Round of 16,France,Paraguay,1,0,,,2038.0,1843.0,0.3043,-5.7177,1.7318,-4.4577,1
1998,1998-06-28,Round of 16,Nigeria,Denmark,1,4,,,1622.0,1968.0,-1.4993,0.5012,2.4326,-0.2182,-1
1998,1998-06-29,Round of 16,Germany,Mexico,2,1,,,2084.0,1814.0,-0.2183,2.2161,0.9137,0.4408,1
1998,1998-06-29,Round of 16,Netherlands,Serbia,2,1,,,1926.0,1953.0,1.937,-0.3258,1.9878,2.5124,1
1998,1998-06-30,Round of 16,Romania,Croatia,0,1,,,1865.0,1874.0,3.7279,1.0032,-0.4891,-0.8513,-1
1998,1998-06-30,Round of 16,Argentina,England,2,2,4.0,3.0,1807.0,1872.0,3.2537,3.1577,2.949,4.7942,0
1998,1998-07-03,Quarter-finals,Italy,France,0,0,3.0,4.0,1991.0,2038.0,0.593,0.3043,-0.7315,1.7318,0
1998,1998-07-03,Quarter-finals,Brazil,Denmark,3,2,,,2071.0,1968.0,-1.2531,0.5012,2.8562,-0.2182,1
1998,1998-07-04,Quarter-finals,Netherlands,Argentina,2,1,,,1926.0,1807.0,1.937,3.2537,1.9878,2.949,1
1998,1998-07-04,Quarter-finals,Germany,Croatia,0,3,,,2084.0,1874.0,-0.2183,1.0032,0.9137,-0.8513,-1
1998,1998-07-07,Semi-finals,Brazil,Netherlands,1,1,4.0,2.0,2071.0,1926.0,-1.2531,1.937,2.8562,1.9878,0
1998,1998-07-08,Semi-finals,France,Croatia,2,1,,,2038.0,1874.0,0.3043,1.0032,1.7318,-0.8513,1
1998,1998-07-11,Third-place match,Netherlands,Croatia,1,2,,,1926.0,1874.0,1.937,1.0032,1.9878,-0.8513,-1
1998,1998-07-12,Final,Brazil,France,0,3,,,2071.0,2038.0,-1.2531,0.3043,2.8562,1.7318,-1
2002,2002-05-31,Group stage,France,Senegal,0,1,,,2112.0,1540.0,0.148,12.1359,5.1095,10.5617,-1
2002,2002-06-01,Group stage,Republic of Ireland,Cameroon,1,1,,,1872.0,1663.0,3.6848,7.4349,3.6827,6.6661,0
2002,2002-06-01,Group stage,Uruguay,Denmark,1,2,,,1792.0,1858.0,-2.4397,3.5759,0.9873,-0.9385,-1
2002,2002-06-01,Group stage,Germany,Saudi Arabia,8,0,,,1876.0,1700.0,0.3965,5.3071,-0.6137,6.6767,1
2002,2002-06-02,Group stage,Argentina,Nigeria,1,0,,,2013.0,1657.0,3.2311,3.821,2.7284,3.5569,1
2002,2002-06-02,Group stage,Paraguay,South Africa,2,2,,,1717.0,1679.0,-1.1755,-5.3031,-0.1046,-4.7318,0
2002,2002-06-02,Group stage,England,Sweden,1,1,,,1935.0,1888.0,2.452,2.2887,-2.6503,0.9031,0
2002,2002-06-02,Group stage,Spain,Slovenia,3,1,,,1965.0,1716.0,0.6454,5.6184,1.3402,4.5813,1
2002,2002-06-03,Group stage,Croatia,Mexico,0,1,,,1878.0,1815.0,1.2012,4.4262,2.7415,4.5373,-1
2002,2002-06-03,Group stage,Brazil,Turkey,2,1,,,2016.0,1755.0,-2.5919,1.2292,-12.8959,5.1052,1
2002,2002-06-03,Group stage,Italy,Ecuador,2,0,,,2019.0,1678.0,1.0153,2.3134,2.9932,4.6528,1
2002,2002-06-04,Group stage,China,Costa Rica,0,2,,,1565.0,1740.0,5.8767,2.3581,7.7553,8.0833,-1
2002,2002-06-04,Group stage,Japan,Belgium,2,2,,,1707.0,1838.0,4.2233,3.2405,12.8054,1.7554,0
2002,2002-06-04,Group stage,South Korea,Poland,2,0,,,1693.0,1759.0,-3.3068,0.4316,0.6977,2.8968,1
2002,2002-06-05,Group stage,Russia,Tunisia,2,0,,,1829.0,1621.0,-0.3191,-1.4149,5.0752,-0.3524,1
2002,2002-06-05,Group stage,United States,Portugal,3,2,,,1798.0,2011.0,3.104,-0.2104,4.231,4.97,1
2002,2002-06-05,Group stage,Germany,Republic of Ireland,1,1,,,1876.0,1872.0,0.3965,3.6848,-0.6137,3.6827,0
2002,2002-06-06,Group stage,Denmark,Senegal,1,1,,,1858.0,1540.0,3.5759,12.1359,-0.9385,10.5617,0
2002,2002-06-06,Group stage,Cameroon,Saudi Arabia,1,0,,,1663.0,1700.0,7.4349,5.3071,6.6661,6.6767,1
2002,2002-06-06,Group stage,France,Uruguay,0,0,,,2112.0,1792.0,0.148,-2.4397,5.1095,0.9873,0
2002,2002-06-07,Group stage,Sweden,Nigeria,2,1,,,1888.0,1657.0,2.2887,3.821,0.9031,3.5569,1
2002,2002-06-07,Group stage,Spain,Paraguay,3,1,,,1965.0,1717.0,0.6454,-1.1755,1.3402,-0.1046,1
2002,2002-06-07,Group stage,Argentina,England,0,1,,,2013.0,1935.0,3.2311,2.452,2.7284,-2.6503,-1
2002,2002-06-08,Group stage,South Africa,Slovenia,1,0,,,1679.0,1716.0,-5.3031,5.6184,-4.7318,4.5813,1
2002,2002-06-08,Group stage,Italy,Croatia,1,2,,,2019.0,1878.0,1.0153,1.2012,2.9932,2.7415,-1
2002,2002-06-08,Group stage,Brazil,China,4,0,,,2016.0,1565.0,-2.5919,5.8767,-12.8959,7.7553,1
2002,2002-06-09,Group stage,Mexico,Ecuador,2,1,,,1815.0,1678.0,4.4262,2.3134,4.5373,4.6528,1
2002,2002-06-09,Group stage,Costa Rica,Turkey,1,1,,,1740.0,1755.0,2.3581,1.2292,8.0833,5.1052,0
2002,2002-06-09,Group stage,Japan,Russia,1,0,,,1707.0,1829.0,4.2233,-0.3191,12.8054,5.0752,1
2002,2002-06-10,Group stage,South Korea,United States,1,1,,,1693.0,1798.0,-3.3068,3.104,0.6977,4.231,0
2002,2002-06-10,Group stage,Tunisia,Belgium,1,1,,,1621.0,1838.0,-1.4149,3.2405,-0.3524,1.7554,0
2002,2002-06-10,Group stage,Portugal,Poland,4,0,,,2011.0,1759.0,-0.2104,0.4316,4.97,2.8968,1
2002,2002-06-11,Group stage,Denmark,France,2,0,,,1858.0,2112.0,3.5759,0.148,-0.9385,5.1095,1
2002,2002-06-11,Group stage,Senegal,Uruguay,3,3,,,1540.0,1792.0,12.1359,-2.4397,10.5617,0.9873,0
2002,2002-06-11,Group stage,Saudi Arabia,Republic of Ireland,0,3,,,1700.0,1872.0,5.3071,3.6848,6.6767,3.6827,-1
2002,2002-06-11,Group stage,Cameroon,Germany,0,2,,,1663.0,1876.0,7.4349,0.3965,6.6661,-0.6137,-1
2002,2002-06-12,Group stage,Sweden,Argentina,1,1,,,1888.0,2013.0,2.2887,3.2311,0.9031,2.7284,0
2002,2002-06-12,Group stage,Nigeria,England,0,0,,,1657.0,1935.0,3.821,2.452,3.5569,-2.6503,0
2002,2002-06-12,Group stage,South Africa,Spain,2,3,,,1679.0,1965.0,-5.3031,0.6454,-4.7318,1.3402,-1
2002,2002-06-12,Group stage,Slovenia,Paraguay,1,3,,,1716.0,1717.0,5.6184,-1.1755,4.5813,-0.1046,-1
2002,2002-06-13,Group stage,Costa Rica,Brazil,2,5,,,1740.0,2016.0,2.3581,-2.5919,8.0833,-12.8959,-1
2002,2002-06-13,Group stage,Turkey,China,3,0,,,1755.0,1565.0,1.2292,5.8767,5.1052,7.7553,1
2002,2002-06-13,Group stage,Mexico,Italy,1,1,,,1815.0,2019.0,4.4262,1.0153,4.5373,2.9932,0
2002,2002-06-13,Group stage,Ecuador,Croatia,1,0,,,1678.0,1878.0,2.3134,1.2012,4.6528,2.7415,1
2002,2002-06-14,Group stage,Tunisia,Japan,0,2,,,1621.0,1707.0,-1.4149,4.2233,-0.3524,12.8054,-1
2002,2002-06-14,Group stage,Belgium,Russia,3,2,,,1838.0,1829.0,3.2405,-0.3191,1.7554,5.0752,1
2002,2002-06-14,Group stage,Portugal,South Korea,0,1,,,2011.0,1693.0,-0.2104,-3.3068,4.97,0.6977,-1
2002,2002-06-14,Group stage,Poland,United States,3,1,,,1759.0,1798.0,0.4316,3.104,2.8968,4.231,1
2002,2002-06-15,Round of 16,Germany,Paraguay,1,0,,,1876.0,1717.0,0.3965,-1.1755,-0.6137,-0.1046,1
2002,2002-06-15,Round of 16,Denmark,England,0,3,,,1858.0,1935.0,3.5759,2.452,-0.9385,-2.6503,-1
2002,2002-06-16,Round of 16,Sweden,Senegal,1,2,,,1888.0,1540.0,2.2887,12.1359,0.9031,10.5617,-1
2002,2002-06-16,Round of 16,Spain,Republic of Ireland,1,1,3.0,2.0,1965.0,1872.0,0.6454,3.6848,1.3402,3.6827,0
2002,2002-06-17,Round of 16,Mexico,United States,0,2,,,1815.0,1798.0,4.4262,3.104,4.5373,4.231,-1
2002,2002-06-17,Round of 16,Brazil,Belgium,2,0,,,2016.0,1838.0,-2.5919,3.2405,-12.8959,1.7554,1
2002,2002-06-18,Round of 16,Japan,Turkey,0,1,,,1707.0,1755.0,4.2233,1.2292,12.8054,5.1052,-1
2002,2002-06-18,Round of 16,South Korea,Italy,2,1,,,1693.0,2019.0,-3.3068,1.0153,0.6977,2.9932,1
2002,2002-06-21,Quarter-finals,England,Brazil,1,2,,,1935.0,2016.0,2.452,-2.5919,-2.6503,-12.8959,-1
2002,2002-06-21,Quarter-finals,Germany,United States,1,0,,,1876.0,1798.0,0.3965,3.104,-0.6137,4.231,1
2002,2002-06-22,Quarter-finals,Spain,South Korea,0,0,3.0,5.0,1965.0,1693.0,0.6454,-3.3068,1.3402,0.6977,0
2002,2002-06-22,Quarter-finals,Senegal,Turkey,0,1,,,1540.0,1755.0,12.1359,1.2292,10.5617,5.1052,-1
2002,2002-06-25,Semi-finals,Germany,South Korea,1,0,,,1876.0,1693.0,0.3965,-3.3068,-0.6137,0.6977,1
2002,2002-06-26,Semi-finals,Brazil,Turkey,1,0,,,2016.0,1755.0,-2.5919,1.2292,-12.8959,5.1052,1
2002,2002-06-29,Third-place match,South Korea,Turkey,2,3,,,1693.0,1755.0,-3.3068,1.2292,0.6977,5.1052,-1
2002,2002-06-30,Final,Germany,Brazil,0,2,,,1876.0,2016.0,0.3965,-2.5919,-0.6137,-12.8959,-1
2006,2006-06-09,Group stage,Germany,Costa Rica,4,2,,,1881.0,1736.0,1.6513,-0.5296,0.8356,1.7837,1
2006,2006-06-09,Group stage,Poland,Ecuador,0,2,,,1837.0,1719.0,1.5749,-0.3222,1.9072,0.5261,-1
2006,2006-06-10,Group stage,England,Paraguay,1,0,,,1968.0,1767.0,1.3437,1.7618,1.5842,2.9912,1
2006,2006-06-10,Group stage,Trinidad and Tobago,Sweden,0,0,,,1498.0,1874.0,4.2812,0.2848,5.0913,3.2712,0
2006,2006-06-10,Group stage,Argentina,Ivory Coast,2,1,,,1917.0,1767.0,-2.1807,1.5514,0.7222,1.7655,1
2006,2006-06-11,Group stage,Serbia,Netherlands,0,1,,,1801.0,1995.0,2.76,3.1752,5.0955,1.9926,-1
2006,2006-06-11,Group stage,Mexico,Iran,3,1,,,1841.0,1804.0,-1.617,2.4553,-0.2223,3.6304,1
2006,2006-06-11,Group stage,Angola,Portugal,0,1,,,1549.0,1914.0,0.6041,1.2229,4.1835,1.4307,-1
2006,2006-06-12,Group stage,Australia,Japan,3,1,,,1797.0,1789.0,-2.5652,1.6018,-2.5742,2.0089,1
2006,2006-06-12,Group stage,United States,Czech Republic,0,3,,,1849.0,1964.0,-0.0611,0.6095,3.9947,-1.0886,-1
2006,2006-06-12,Group stage,Italy,Ghana,2,0,,,1949.0,1617.0,0.8331,2.2018,0.47,0.5787,1
2006,2006-06-13,Group stage,South Korea,Togo,2,1,,,1745.0,1582.0,2.3934,-2.7735,-2.85,-1.993,1
2006,2006-06-13,Group stage,France,Switzerland,0,0,,,1955.0,1795.0,1.1697,3.5878,0.9611,-0.0199,0
2006,2006-06-13,Group stage,Brazil,Croatia,1,0,,,2034.0,1847.0,0.2274,0.6533,-2.6572,2.0875,1
2006,2006-06-14,Group stage,Spain,Ukraine,4,0,,,1961.0,1781.0,1.272,3.0817,-2.483,1.6287,1
2006,2006-06-14,Group stage,Tunisia,Saudi Arabia,2,2,,,1690.0,1595.0,4.8815,-1.7335,2.0045,-0.2042,0
2006,2006-06-14,Group stage,Germany,Poland,1,0,,,1881.0,1837.0,1.6513,1.5749,0.8356,1.9072,1
2006,2006-06-15,Group stage,Ecuador,Costa Rica,3,0,,,1719.0,1736.0,-0.3222,-0.5296,0.5261,1.7837,1
2006,2006-06-15,Group stage,England,Trinidad and Tobago,2,0,,,1968.0,1498.0,1.3437,4.2812,1.5842,5.0913,1
2006,2006-06-15,Group stage,Sweden,Paraguay,1,0,,,1874.0,1767.0,0.2848,1.7618,3.2712,2.9912,1
2006,2006-06-16,Group stage,Argentina,Serbia,6,0,,,1917.0,1801.0,-2.1807,2.76,0.7222,5.0955,1
2006,2006-06-16,Group stage,Netherlands,Ivory Coast,2,1,,,1995.0,1767.0,3.1752,1.5514,1.9926,1.7655,1
2006,2006-06-16,Group stage,Mexico,Angola,0,0,,,1841.0,1549.0,-1.617,0.6041,-0.2223,4.1835,0
2006,2006-06-17,Group stage,Portugal,Iran,2,0,,,1914.0,1804.0,1.2229,2.4553,1.4307,3.6304,1
2006,2006-06-17,Group stage,Czech Republic,Ghana,0,2,,,1964.0,1617.0,0.6095,2.2018,-1.0886,0.5787,-1
2006,2006-06-17,Group stage,Italy,United States,1,1,,,1949.0,1849.0,0.8331,-0.0611,0.47,3.9947,0
2006,2006-06-18,Group stage,Japan,Croatia,0,0,,,1789.0,1847.0,1.6018,0.6533,2.0089,2.0875,0
2006,2006-06-18,Group stage,Brazil,Australia,2,0,,,2034.0,1797.0,0.2274,-2.5652,-2.6572,-2.5742,1
2006,2006-06-18,Group stage,France,South Korea,1,1,,,1955.0,1745.0,1.1697,2.3934,0.9611,-2.85,0
2006,2006-06-19,Group stage,Togo,Switzerland,0,2,,,1582.0,1795.0,-2.7735,3.5878,-1.993,-0.0199,-1
2006,2006-06-19,Group stage,Saudi Arabia,Ukraine,0,4,,,1595.0,1781.0,-1.7335,3.0817,-0.2042,1.6287,-1
2006,2006-06-19,Group stage,Spain,Tunisia,3,1,,,1961.0,1690.0,1.272,4.8815,-2.483,2.0045,1
2006,2006-06-20,Group stage,Costa Rica,Poland,1,2,,,1736.0,1837.0,-0.5296,1.5749,1.7837,1.9072,-1
2006,2006-06-20,Group stage,Ecuador,Germany,0,3,,,1719.0,1881.0,-0.3222,1.6513,0.5261,0.8356,-1
2006,2006-06-20,Group stage,Paraguay,Trinidad and Tobago,2,0,,,1767.0,1498.0,1.7618,4.2812,2.9912,5.0913,1
2006,2006-06-20,Group stage,Sweden,England,2,2,,,1874.0,1968.0,0.2848,1.3437,3.2712,1.5842,0
2006,2006-06-21,Group stage,Portugal,Mexico,2,1,,,1914.0,1841.0,1.2229,-1.617,1.4307,-0.2223,1
2006,2006-06-21,Group stage,Iran,Angola,1,1,,,1804.0,1549.0,2.4553,0.6041,3.6304,4.1835,0
2006,2006-06-21,Group stage,Ivory Coast,Serbia,3,2,,,1767.0,1801.0,1.5514,2.76,1.7655,5.0955,1
2006,2006-06-21,Group stage,Netherlands,Argentina,0,0,,,1995.0,1917.0,3.1752,-2.1807,1.9926,0.7222,0
2006,2006-06-22,Group stage,Ghana,United States,2,1,,,1617.0,1849.0,2.2018,-0.0611,0.5787,3.9947,1
2006,2006-06-22,Group stage,Czech Republic,Italy,0,2,,,1964.0,1949.0,0.6095,0.8331,-1.0886,0.47,-1
2006,2006-06-22,Group stage,Japan,Brazil,1,4,,,1789.0,2034.0,1.6018,0.2274,2.0089,-2.6572,-1
2006,2006-06-22,Group stage,Croatia,Australia,2,2,,,1847.0,1797.0,0.6533,-2.5652,2.0875,-2.5742,0
2006,2006-06-23,Group stage,Saudi Arabia,Spain,0,1,,,1595.0,1961.0,-1.7335,1.272,-0.2042,-2.483,-1
2006,2006-06-23,Group stage,Ukraine,Tunisia,1,0,,,1781.0,1690.0,3.0817,4.8815,1.6287,2.0045,1
2006,2006-06-23,Group stage,Togo,France,0,2,,,1582.0,1955.0,-2.7735,1.1697,-1.993,0.9611,-1
2006,2006-06-23,Group stage,Switzerland,South Korea,2,0,,,1795.0,1745.0,3.5878,2.3934,-0.0199,-2.85,1
2006,2006-06-24,Round of 16,Germany,Sweden,2,0,,,1881.0,1874.0,1.6513,0.2848,0.8356,3.2712,1
2006,2006-06-24,Round of 16,Argentina,Mexico,2,1,,,1917.0,1841.0,-2.1807,-1.617,0.7222,-0.2223,1
2006,2006-06-25,Round of 16,England,Ecuador,1,0,,,1968.0,1719.0,1.3437,-0.3222,1.5842,0.5261,1
2006,2006-06-25,Round of 16,Portugal,Netherlands,1,0,,,1914.0,1995.0,1.2229,3.1752,1.4307,1.9926,1
2006,2006-06-26,Round of 16,Italy,Australia,1,0,,,1949.0,1797.0,0.8331,-2.5652,0.47,-2.5742,1
2006,2006-06-26,Round of 16,Switzerland,Ukraine,0,0,0.0,3.0,1795.0,1781.0,3.5878,3.0817,-0.0199,1.6287,0
2006,2006-06-27,Round of 16,Brazil,Ghana,3,0,,,2034.0,1617.0,0.2274,2.2018,-2.6572,0.5787,1
2006,2006-06-27,Round of 16,Spain,France,1,3,,,1961.0,1955.0,1.272,1.1697,-2.483,0.9611,-1
2006,2006-06-30,Quarter-finals,Germany,Argentina,1,1,4.0,2.0,1881.0,1917.0,1.6513,-2.1807,0.8356,0.7222,0
2006,2006-06-30,Quarter-finals,Italy,Ukraine,3,0,,,1949.0,1781.0,0.8331,3.0817,0.47,1.6287,1
2006,2006-07-01,Quarter-finals,England,Portugal,0,0,1.0,3.0,1968.0,1914.0,1.3437,1.2229,1.5842,1.4307,0
2006,2006-07-01,Quarter-finals,Brazil,France,0,1,,,2034.0,1955.0,0.2274,1.1697,-2.6572,0.9611,-1
2006,2006-07-04,Semi-finals,Germany,Italy,0,2,,,1881.0,1949.0,1.6513,0.8331,0.8356,0.47,-1
2006,2006-07-05,Semi-finals,Portugal,France,0,1,,,1914.0,1955.0,1.2229,1.1697,1.4307,0.9611,-1
2006,2006-07-08,Third-place match,Germany,Portugal,3,1,,,1881.0,1914.0,1.6513,1.2229,0.8356,1.4307,1
2006,2006-07-09,Final,Italy,France,1,1,5.0,3.0,1949.0,1955.0,0.8331,1.1697,0.47,0.9611,0
2010,2010-06-11,Group stage,South Africa,Mexico,1,1,,,1579.0,1850.0,1.888,0.5758,-0.986,3.5077,0
2010,2010-06-11,Group stage,Uruguay,France,0,0,,,1808.0,2004.0,1.3587,-0.5521,1.0759,-4.2393,0
2010,2010-06-12,Group stage,South Korea,Greece,2,0,,,1689.0,1769.0,1.8546,-2.0463,3.8507,-3.2855,1
2010,2010-06-12,Group stage,Argentina,Nigeria,1,0,,,1968.0,1735.0,-1.716,-1.0892,-7.8355,-0.8686,1
2010,2010-06-12,Group stage,England,United States,1,1,,,1975.0,1865.0,1.6968,-1.6833,1.4481,2.8344,0
2010,2010-06-13,Group stage,Algeria,Slovenia,0,1,,,1399.0,1594.0,8.9423,3.8947,11.2177,4.4774,-1
2010,2010-06-13,Group stage,Serbia,Ghana,0,1,,,1768.0,1700.0,5.1667,-2.4757,4.9414,-1.3024,-1
2010,2010-06-13,Group stage,Germany,Australia,4,0,,,1979.0,1744.0,0.3763,2.8312,2.129,2.1697,1
2010,2010-06-14,Group stage,Netherlands,Denmark,2,0,,,2024.0,1818.0,3.071,-1.0113,4.5957,0.7019,1
2010,2010-06-14,Group stage,Japan,Cameroon,1,0,,,1749.0,1768.0,-0.0275,-2.6,0.6058,-3.1534,1
2010,2010-06-14,Group stage,Italy,Paraguay,1,1,,,2008.0,1849.0,-3.1535,-2.8038,0.294,0.0656,0
2010,2010-06-15,Group stage,New Zealand,Slovakia,1,1,,,1496.0,1628.0,-3.3804,2.9724,3.763,3.593,0
2010,2010-06-15,Group stage,Ivory Coast,Portugal,0,0,,,1745.0,1827.0,-0.2586,4.0111,-1.4578,0.3867,0
2010,2010-06-15,Group stage,Brazil,North Korea,2,1,,,2010.0,1538.0,6.9318,-0.3601,7.131,0.5883,1
2010,2010-06-16,Group stage,Honduras,Chile,0,1,,,1731.0,1803.0,-0.4165,4.1674,0.8475,4.6707,-1
2010,2010-06-16,Group stage,Spain,Switzerland,0,1,,,2098.0,1788.0,1.1362,2.0325,2.2449,0.7601,-1
2010,2010-06-16,Group stage,South Africa,Uruguay,0,3,,,1579.0,1808.0,1.888,1.3587,-0.986,1.0759,-1
2010,2010-06-17,Group stage,Argentina,South Korea,4,1,,,1968.0,1689.0,-1.716,1.8546,-7.8355,3.8507,1
2010,2010-06-17,Group stage,Greece,Nigeria,2,1,,,1769.0,1735.0,-2.0463,-1.0892,-3.2855,-0.8686,1
2010,2010-06-17,Group stage,France,Mexico,0,2,,,2004.0,1850.0,-0.5521,0.5758,-4.2393,3.5077,-1
2010,2010-06-18,Group stage,Germany,Serbia,0,1,,,1979.0,1768.0,0.3763,5.1667,2.129,4.9414,-1
2010,2010-06-18,Group stage,Slovenia,United States,2,2,,,1594.0,1865.0,3.8947,-1.6833,4.4774,2.8344,0
2010,2010-06-18,Group stage,England,Algeria,0,0,,,1975.0,1399.0,1.6968,8.9423,1.4481,11.2177,0
2010,2010-06-19,Group stage,Netherlands,Japan,1,0,,,2024.0,1749.0,3.071,-0.0275,4.5957,0.6058,1
2010,2010-06-19,Group stage,Ghana,Australia,1,1,,,1700.0,1744.0,-2.4757,2.8312,-1.3024,2.1697,0
2010,2010-06-19,Group stage,Cameroon,Denmark,1,2,,,1768.0,1818.0,-2.6,-1.0113,-3.1534,0.7019,-1
2010,2010-06-20,Group stage,Slovakia,Paraguay,0,2,,,1628.0,1849.0,2.9724,-2.8038,3.593,0.0656,-1
2010,2010-06-20,Group stage,Italy,New Zealand,1,1,,,2008.0,1496.0,-3.1535,-3.3804,0.294,3.763,0
2010,2010-06-20,Group stage,Brazil,Ivory Coast,3,1,,,2010.0,1745.0,6.9318,-0.2586,7.131,-1.4578,1
2010,2010-06-21,Group stage,Portugal,North Korea,7,0,,,1827.0,1538.0,4.0111,-0.3601,0.3867,0.5883,1
2010,2010-06-21,Group stage,Chile,Switzerland,1,0,,,1803.0,1788.0,4.1674,2.0325,4.6707,0.7601,1
2010,2010-06-21,Group stage,Spain,Honduras,2,0,,,2098.0,1731.0,1.1362,-0.4165,2.2449,0.8475,1
2010,2010-06-22,Group stage,Mexico,Uruguay,0,1,,,1850.0,1808.0,0.5758,1.3587,3.5077,1.0759,-1
2010,2010-06-22,Group stage,France,South Africa,1,2,,,2004.0,1579.0,-0.5521,1.888,-4.2393,-0.986,-1
2010,2010-06-22,Group stage,Nigeria,South Korea,2,2,,,1735.0,1689.0,-1.0892,1.8546,-0.8686,3.8507,0
2010,2010-06-22,Group stage,Greece,Argentina,0,2,,,1769.0,1968.0,-2.0463,-1.716,-3.2855,-7.8355,-1
2010,2010-06-23,Group stage,Slovenia,England,0,1,,,1594.0,1975.0,3.8947,1.6968,4.4774,1.4481,-1
2010,2010-06-23,Group stage,United States,Algeria,1,0,,,1865.0,1399.0,-1.6833,8.9423,2.8344,11.2177,1
2010,2010-06-23,Group stage,Ghana,Germany,0,1,,,1700.0,1979.0,-2.4757,0.3763,-1.3024,2.129,-1
2010,2010-06-23,Group stage,Australia,Serbia,2,1,,,1744.0,1768.0,2.8312,5.1667,2.1697,4.9414,1
2010,2010-06-24,Group stage,Paraguay,New Zealand,0,0,,,1849.0,1496.0,-2.8038,-3.3804,0.0656,3.763,0
2010,2010-06-24,Group stage,Slovakia,Italy,3,2,,,1628.0,2008.0,2.9724,-3.1535,3.593,0.294,1
2010,2010-06-24,Group stage,Denmark,Japan,1,3,,,1818.0,1749.0,-1.0113,-0.0275,0.7019,0.6058,-1
2010,2010-06-24,Group stage,Cameroon,Netherlands,1,2,,,1768.0,2024.0,-2.6,3.071,-3.1534,4.5957,-1
2010,2010-06-25,Group stage,Portugal,Brazil,0,0,,,1827.0,2010.0,4.0111,6.9318,0.3867,7.131,0
2010,2010-06-25,Group stage,North Korea,Ivory Coast,0,3,,,1538.0,1745.0,-0.3601,-0.2586,0.5883,-1.4578,-1
2010,2010-06-25,Group stage,Chile,Spain,1,2,,,1803.0,2098.0,4.1674,1.1362,4.6707,2.2449,-1
2010,2010-06-25,Group stage,Switzerland,Honduras,0,0,,,1788.0,1731.0,2.0325,-0.4165,0.7601,0.8475,0
2010,2010-06-26,Round of 16,Uruguay,South Korea,2,1,,,1808.0,1689.0,1.3587,1.8546,1.0759,3.8507,1
2010,2010-06-26,Round of 16,United States,Ghana,1,2,,,1865.0,1700.0,-1.6833,-2.4757,2.8344,-1.3024,-1
2010,2010-06-27,Round of 16,Germany,England,4,1,,,1979.0,1975.0,0.3763,1.6968,2.129,1.4481,1
2010,2010-06-27,Round of 16,Argentina,Mexico,3,1,,,1968.0,1850.0,-1.716,0.5758,-7.8355,3.5077,1
2010,2010-06-28,Round of 16,Netherlands,Slovakia,2,1,,,2024.0,1628.0,3.071,2.9724,4.5957,3.593,1
2010,2010-06-28,Round of 16,Brazil,Chile,3,0,,,2010.0,1803.0,6.9318,4.1674,7.131,4.6707,1
2010,2010-06-29,Round of 16,Paraguay,Japan,0,0,5.0,3.0,1849.0,1749.0,-2.8038,-0.0275,0.0656,0.6058,0
2010,2010-06-29,Round of 16,Spain,Portugal,1,0,,,2098.0,1827.0,1.1362,4.0111,2.2449,0.3867,1
2010,2010-07-02,Quarter-finals,Netherlands,Brazil,2,1,,,2024.0,2010.0,3.071,6.9318,4.5957,7.131,1
2010,2010-07-02,Quarter-finals,Uruguay,Ghana,1,1,4.0,2.0,1808.0,1700.0,1.3587,-2.4757,1.0759,-1.3024,0
2010,2010-07-03,Quarter-finals,Argentina,Germany,0,4,,,1968.0,1979.0,-1.716,0.3763,-7.8355,2.129,-1
2010,2010-07-03,Quarter-finals,Paraguay,Spain,0,1,,,1849.0,2098.0,-2.8038,1.1362,0.0656,2.2449,-1
2010,2010-07-06,Semi-finals,Uruguay,Netherlands,2,3,,,1808.0,2024.0,1.3587,3.071,1.0759,4.5957,-1
2010,2010-07-07,Semi-finals,Germany,Spain,0,1,,,1979.0,2098.0,0.3763,1.1362,2.129,2.2449,-1
2010,2010-07-10,Third-place match,Uruguay,Germany,2,3,,,1808.0,1979.0,1.3587,0.3763,1.0759,2.129,-1
2010,2010-07-11,Final,Netherlands,Spain,0,1,,,2024.0,2098.0,3.071,1.1362,4.5957,2.2449,-1
2014,2014-06-12,Group stage,Brazil,Croatia,3,1,,,2132.0,1806.0,6.8655,-1.3221,1.8468,0.5334,1
2014,2014-06-13,Group stage,Mexico,Cameroon,1,0,,,1769.0,1656.0,0.0763,1.5882,-2.7515,0.0192,1
2014,2014-06-13,Group stage,Spain,Netherlands,1,5,,,2103.0,2003.0,0.445,0.6985,1.2781,-4.5944,-1
2014,2014-06-13,Group stage,Chile,Australia,3,1,,,1913.0,1729.0,3.9213,-0.8653,2.117,-0.7348,1
2014,2014-06-14,Group stage,Colombia,Greece,3,0,,,1933.0,1840.0,0.833,1.6665,1.2203,1.5077,1
2014,2014-06-14,Group stage,Uruguay,Costa Rica,1,3,,,1915.0,1734.0,1.766,-1.9521,-1.6117,1.265,-1
2014,2014-06-14,Group stage,England,Italy,1,2,,,1933.0,1932.0,0.1384,0.9715,1.6499,3.0529,-1
2014,2014-06-14,Group stage,Ivory Coast,Japan,2,1,,,1798.0,1770.0,-2.401,-0.1092,-0.0845,-2.0337,1
2014,2014-06-15,Group stage,Switzerland,Ecuador,2,1,,,1847.0,1836.0,1.9162,-1.6554,1.9855,0.9753,1
2014,2014-06-15,Group stage,France,Honduras,3,0,,,1901.0,1685.0,0.1487,2.8319,-0.2094,2.7138,1
2014,2014-06-15,Group stage,Argentina,Bosnia and Herzegovina,2,1,,,2037.0,1779.0,-0.427,3.0469,2.4023,4.2944,1
2014,2014-06-16,Group stage,Germany,Portugal,4,0,,,2086.0,1931.0,1.1787,3.5304,4.4915,4.3087,1
2014,2014-06-16,Group stage,Iran,Nigeria,0,0,,,1733.0,1720.0,3.2488,-0.9247,1.297,2.537,0
2014,2014-06-16,Group stage,Ghana,United States,1,2,,,1697.0,1847.0,1.5219,6.1081,0.7382,9.7053,-1
2014,2014-06-17,Group stage,Belgium,Algeria,2,1,,,1835.0,1583.0,4.4146,2.2672,5.2224,3.3696,1
2014,2014-06-17,Group stage,Brazil,Mexico,0,0,,,2132.0,1769.0,6.8655,0.0763,1.8468,-2.7515,0
2014,2014-06-17,Group stage,Russia,South Korea,1,1,,,1845.0,1687.0,-1.4334,-0.7428,0.026,1.0556,0
2014,2014-06-18,Group stage,Australia,Netherlands,2,3,,,1729.0,2003.0,-0.8653,0.6985,-0.7348,-4.5944,-1
2014,2014-06-18,Group stage,Spain,Chile,0,2,,,2103.0,1913.0,0.445,3.9213,1.2781,2.117,-1
2014,2014-06-18,Group stage,Cameroon,Croatia,0,4,,,1656.0,1806.0,1.5882,-1.3221,0.0192,0.5334,-1
2014,2014-06-19,Group stage,Colombia,Ivory Coast,2,1,,,1933.0,1798.0,0.833,-2.401,1.2203,-0.0845,1
2014,2014-06-19,Group stage,Uruguay,England,2,1,,,1915.0,1933.0,1.766,0.1384,-1.6117,1.6499,1
2014,2014-06-19,Group stage,Japan,Greece,0,0,,,1770.0,1840.0,-0.1092,1.6665,-2.0337,1.5077,0
2014,2014-06-20,Group stage,Italy,Costa Rica,0,1,,,1932.0,1734.0,0.9715,-1.9521,3.0529,1.265,-1
2014,2014-06-20,Group stage,Switzerland,France,2,5,,,1847.0,1901.0,1.9162,0.1487,1.9855,-0.2094,-1
2014,2014-06-20,Group stage,Honduras,Ecuador,1,2,,,1685.0,1836.0,2.8319,-1.6554,2.7138,0.9753,-1
2014,2014-06-21,Group stage,Argentina,Iran,1,0,,,2037.0,1733.0,-0.427,3.2488,2.4023,1.297,1
2014,2014-06-21,Group stage,Germany,Ghana,2,2,,,2086.0,1697.0,1.1787,1.5219,4.4915,0.7382,0
2014,2014-06-21,Group stage,Nigeria,Bosnia and Herzegovina,1,0,,,1720.0,1779.0,-0.9247,3.0469,2.537,4.2944,1
2014,2014-06-22,Group stage,Belgium,Russia,1,0,,,1835.0,1845.0,4.4146,-1.4334,5.2224,0.026,1
2014,2014-06-22,Group stage,South Korea,Algeria,2,4,,,1687.0,1583.0,-0.7428,2.2672,1.0556,3.3696,-1
2014,2014-06-22,Group stage,United States,Portugal,2,2,,,1847.0,1931.0,6.1081,3.5304,9.7053,4.3087,0
2014,2014-06-23,Group stage,Australia,Spain,0,3,,,1729.0,2103.0,-0.8653,0.445,-0.7348,1.2781,-1
2014,2014-06-23,Group stage,Netherlands,Chile,2,0,,,2003.0,1913.0,0.6985,3.9213,-4.5944,2.117,1
2014,2014-06-23,Group stage,Croatia,Mexico,1,3,,,1806.0,1769.0,-1.3221,0.0763,0.5334,-2.7515,-1
2014,2014-06-23,Group stage,Cameroon,Brazil,1,4,,,1656.0,2132.0,1.5882,6.8655,0.0192,1.8468,-1
2014,2014-06-24,Group stage,Costa Rica,England,0,0,,,1734.0,1933.0,-1.9521,0.1384,1.265,1.6499,0
2014,2014-06-24,Group stage,Italy,Uruguay,0,1,,,1932.0,1915.0,0.9715,1.766,3.0529,-1.6117,-1
2014,2014-06-24,Group stage,Japan,Colombia,1,4,,,1770.0,1933.0,-0.1092,0.833,-2.0337,1.2203,-1
2014,2014-06-24,Group stage,Greece,Ivory Coast,2,1,,,1840.0,1798.0,1.6665,-2.401,1.5077,-0.0845,1
2014,2014-06-25,Group stage,Bosnia and Herzegovina,Iran,3,1,,,1779.0,1733.0,3.0469,3.2488,4.2944,1.297,1
2014,2014-06-25,Group stage,Nigeria,Argentina,2,3,,,1720.0,2037.0,-0.9247,-0.427,2.537,2.4023,-1
2014,2014-06-25,Group stage,Honduras,Switzerland,0,3,,,1685.0,1847.0,2.8319,1.9162,2.7138,1.9855,-1
2014,2014-06-25,Group stage,Ecuador,France,0,0,,,1836.0,1901.0,-1.6554,0.1487,0.9753,-0.2094,0
2014,2014-06-26,Group stage,United States,Germany,0,1,,,1847.0,2086.0,6.1081,1.1787,9.7053,4.4915,-1
2014,2014-06-26,Group stage,Portugal,Ghana,2,1,,,1931.0,1697.0,3.5304,1.5219,4.3087,0.7382,1
2014,2014-06-26,Group stage,South Korea,Belgium,0,1,,,1687.0,1835.0,-0.7428,4.4146,1.0556,5.2224,-1
2014,2014-06-26,Group stage,Algeria,Russia,1,1,,,1583.0,1845.0,2.2672,-1.4334,3.3696,0.026,0
2014,2014-06-28,Round of 16,Brazil,Chile,1,1,3.0,2.0,2132.0,1913.0,6.8655,3.9213,1.8468,2.117,0
2014,2014-06-28,Round of 16,Colombia,Uruguay,2,0,,,1933.0,1915.0,0.833,1.766,1.2203,-1.6117,1
2014,2014-06-29,Round of 16,Netherlands,Mexico,2,1,,,2003.0,1769.0,0.6985,0.0763,-4.5944,-2.7515,1
2014,2014-06-29,Round of 16,Costa Rica,Greece,1,1,5.0,3.0,1734.0,1840.0,-1.9521,1.6665,1.265,1.5077,0
2014,2014-06-30,Round of 16,France,Nigeria,2,0,,,1901.0,1720.0,0.1487,-0.9247,-0.2094,2.537,1
2014,2014-06-30,Round of 16,Germany,Algeria,2,1,,,2086.0,1583.0,1.1787,2.2672,4.4915,3.3696,1
2014,2014-07-01,Round of 16,Argentina,Switzerland,1,0,,,2037.0,1847.0,-0.427,1.9162,2.4023,1.9855,1
2014,2014-07-01,Round of 16,Belgium,United States,2,1,,,1835.0,1847.0,4.4146,6.1081,5.2224,9.7053,1
2014,2014-07-04,Quarter-finals,France,Germany,0,1,,,1901.0,2086.0,0.1487,1.1787,-0.2094,4.4915,-1
2014,2014-07-04,Quarter-finals,Brazil,Colombia,2,1,,,2132.0,1933.0,6.8655,0.833,1.8468,1.2203,1
2014,2014-07-05,Quarter-finals,Argentina,Belgium,1,0,,,2037.0,1835.0,-0.427,4.4146,2.4023,5.2224,1
2014,2014-07-05,Quarter-finals,Netherlands,Costa Rica,0,0,4.0,3.0,2003.0,1734.0,0.6985,-1.9521,-4.5944,1.265,0
2014,2014-07-08,Semi-finals,Brazil,Germany,1,7,,,2132.0,2086.0,6.8655,1.1787,1.8468,4.4915,-1
2014,2014-07-09,Semi-finals,Netherlands,Argentina,0,0,2.0,4.0,2003.0,2037.0,0.6985,-0.427,-4.5944,2.4023,0
2014,2014-07-12,Third-place match,Brazil,Netherlands,0,3,,,2132.0,2003.0,6.8655,0.6985,1.8468,-4.5944,-1
2014,2014-07-13,Final,Germany,Argentina,1,0,,,2086.0,2037.0,1.1787,-0.427,4.4915,2.4023,1
2018,2018-06-14,Group stage,Russia,Saudi Arabia,5,0,,,1684.0,1565.0,-0.7086,-1.4372,-2.9907,4.1879,1
2018,2018-06-15,Group stage,Egypt,Uruguay,0,1,,,1641.0,1876.0,-3.0981,-1.2899,5.0619,-2.7375,-1
2018,2018-06-15,Group stage,Morocco,Iran,0,1,,,1709.0,1796.0,1.6275,1.8871,-1.2027,3.7046,-1
2018,2018-06-15,Group stage,Portugal,Spain,3,3,,,2000.0,2048.0,3.3597,3.0604,3.0399,0.312,0
2018,2018-06-16,Group stage,France,Australia,2,1,,,1994.0,1734.0,-0.2476,1.1653,2.5798,0.2423,1
2018,2018-06-16,Group stage,Argentina,Iceland,1,1,,,1983.0,1787.0,-0.648,0.9872,-1.1062,6.2404,0
2018,2018-06-16,Group stage,Peru,Denmark,0,1,,,1906.0,1841.0,4.2273,3.3788,3.1643,0.8599,-1
2018,2018-06-16,Group stage,Croatia,Nigeria,2,0,,,1853.0,1698.0,-1.1956,-0.4653,1.5793,-1.966,1
2018,2018-06-17,Group stage,Costa Rica,Serbia,0,1,,,1743.0,1770.0,-1.7759,0.4854,-0.5411,1.0696,-1
2018,2018-06-17,Group stage,Germany,Mexico,0,1,,,2091.0,1858.0,3.0133,-1.7493,5.8165,-2.9097,-1
2018,2018-06-17,Group stage,Brazil,Switzerland,1,1,,,2130.0,1878.0,1.879,2.5653,1.9437,3.07,0
2018,2018-06-18,Group stage,Sweden,South Korea,1,0,,,1795.0,1732.0,1.5945,-0.7657,0.0589,-0.272,1
2018,2018-06-18,Group stage,Belgium,Panama,3,0,,,1929.0,1661.0,3.263,-0.6106,2.1681,1.6352,1
2018,2018-06-18,Group stage,Tunisia,England,1,2,,,1653.0,1940.0,3.4822,2.2086,4.0593,0.235,-1
2018,2018-06-19,Group stage,Colombia,Japan,1,2,,,1927.0,1693.0,-1.4679,-1.5661,-1.3873,3.644,-1
2018,2018-06-19,Group stage,Poland,Senegal,1,2,,,1830.0,1742.0,2.8919,1.727,8.1639,5.9575,-1
2018,2018-06-19,Group stage,Russia,Egypt,3,1,,,1684.0,1641.0,-0.7086,-3.0981,-2.9907,5.0619,1
2018,2018-06-20,Group stage,Portugal,Morocco,1,0,,,2000.0,1709.0,3.3597,1.6275,3.0399,-1.2027,1
2018,2018-06-20,Group stage,Uruguay,Saudi Arabia,1,0,,,1876.0,1565.0,-1.2899,-1.4372,-2.7375,4.1879,1
2018,2018-06-20,Group stage,Iran,Spain,0,1,,,1796.0,2048.0,1.8871,3.0604,3.7046,0.312,-1
2018,2018-06-21,Group stage,Denmark,Australia,1,1,,,1841.0,1734.0,3.3788,1.1653,0.8599,0.2423,0
2018,2018-06-21,Group stage,France,Peru,1,0,,,1994.0,1906.0,-0.2476,4.2273,2.5798,3.1643,1
2018,2018-06-21,Group stage,Argentina,Croatia,0,3,,,1983.0,1853.0,-0.648,-1.1956,-1.1062,1.5793,-1
2018,2018-06-22,Group stage,Brazil,Costa Rica,2,0,,,2130.0,1743.0,1.879,-1.7759,1.9437,-0.5411,1
2018,2018-06-22,Group stage,Nigeria,Iceland,2,0,,,1698.0,1787.0,-0.4653,0.9872,-1.966,6.2404,1
2018,2018-06-22,Group stage,Serbia,Switzerland,1,2,,,1770.0,1878.0,0.4854,2.5653,1.0696,3.07,-1
2018,2018-06-23,Group stage,Belgium,Tunisia,5,2,,,1929.0,1653.0,3.263,3.4822,2.1681,4.0593,1
2018,2018-06-23,Group stage,South Korea,Mexico,1,2,,,1732.0,1858.0,-0.7657,-1.7493,-0.272,-2.9097,-1
2018,2018-06-23,Group stage,Germany,Sweden,2,1,,,2091.0,1795.0,3.0133,1.5945,5.8165,0.0589,1
2018,2018-06-24,Group stage,England,Panama,6,1,,,1940.0,1661.0,2.2086,-0.6106,0.235,1.6352,1
2018,2018-06-24,Group stage,Japan,Senegal,2,2,,,1693.0,1742.0,-1.5661,1.727,3.644,5.9575,0
2018,2018-06-24,Group stage,Poland,Colombia,0,3,,,1830.0,1927.0,2.8919,-1.4679,8.1639,-1.3873,-1
2018,2018-06-25,Group stage,Saudi Arabia,Egypt,2,1,,,1565.0,1641.0,-1.4372,-3.0981,4.1879,5.0619,1
2018,2018-06-25,Group stage,Uruguay,Russia,3,0,,,1876.0,1684.0,-1.2899,-0.7086,-2.7375,-2.9907,1
2018,2018-06-25,Group stage,Spain,Morocco,2,2,,,2048.0,1709.0,3.0604,1.6275,0.312,-1.2027,0
2018,2018-06-25,Group stage,Iran,Portugal,1,1,,,1796.0,2000.0,1.8871,3.3597,3.7046,3.0399,0
2018,2018-06-26,Group stage,Australia,Peru,0,2,,,1734.0,1906.0,1.1653,4.2273,0.2423,3.1643,-1
2018,2018-06-26,Group stage,Denmark,France,0,0,,,1841.0,1994.0,3.3788,-0.2476,0.8599,2.5798,0
2018,2018-06-26,Group stage,Iceland,Croatia,1,2,,,1787.0,1853.0,0.9872,-1.1956,6.2404,1.5793,-1
2018,2018-06-26,Group stage,Nigeria,Argentina,1,2,,,1698.0,1983.0,-0.4653,-0.648,-1.966,-1.1062,-1
2018,2018-06-27,Group stage,South Korea,Germany,2,0,,,1732.0,2091.0,-0.7657,3.0133,-0.272,5.8165,1
2018,2018-06-27,Group stage,Mexico,Sweden,0,3,,,1858.0,1795.0,-1.7493,1.5945,-2.9097,0.0589,-1
2018,2018-06-27,Group stage,Switzerland,Costa Rica,2,2,,,1878.0,1743.0,2.5653,-1.7759,3.07,-0.5411,0
2018,2018-06-27,Group stage,Serbia,Brazil,0,2,,,1770.0,2130.0,0.4854,1.879,1.0696,1.9437,-1
2018,2018-06-28,Group stage,Japan,Poland,0,1,,,1693.0,1830.0,-1.5661,2.8919,3.644,8.1639,-1
2018,2018-06-28,Group stage,Senegal,Colombia,0,1,,,1742.0,1927.0,1.727,-1.4679,5.9575,-1.3873,-1
2018,2018-06-28,Group stage,England,Belgium,0,1,,,1940.0,1929.0,2.2086,3.263,0.235,2.1681,-1
2018,2018-06-28,Group stage,Panama,Tunisia,1,2,,,1661.0,1653.0,-0.6106,3.4822,1.6352,4.0593,-1
2018,2018-06-30,Round of 16,France,Argentina,4,3,,,1994.0,1983.0,-0.2476,-0.648,2.5798,-1.1062,1
2018,2018-06-30,Round of 16,Uruguay,Portugal,2,1,,,1876.0,2000.0,-1.2899,3.3597,-2.7375,3.0399,1
2018,2018-07-01,Round of 16,Spain,Russia,1,1,3.0,4.0,2048.0,1684.0,3.0604,-0.7086,0.312,-2.9907,0
2018,2018-07-01,Round of 16,Croatia,Denmark,1,1,3.0,2.0,1853.0,1841.0,-1.1956,3.3788,1.5793,0.8599,0
2018,2018-07-02,Round of 16,Brazil,Mexico,2,0,,,2130.0,1858.0,1.879,-1.7493,1.9437,-2.9097,1
2018,2018-07-02,Round of 16,Belgium,Japan,3,2,,,1929.0,1693.0,3.263,-1.5661,2.1681,3.644,1
2018,2018-07-03,Round of 16,Sweden,Switzerland,1,0,,,1795.0,1878.0,1.5945,2.5653,0.0589,3.07,1
2018,2018-07-03,Round of 16,Colombia,England,1,1,3.0,4.0,1927.0,1940.0,-1.4679,2.2086,-1.3873,0.235,0
2018,2018-07-06,Quarter-finals,Uruguay,France,0,2,,,1876.0,1994.0,-1.2899,-0.2476,-2.7375,2.5798,-1
2018,2018-07-06,Quarter-finals,Brazil,Belgium,1,2,,,2130.0,1929.0,1.879,3.263,1.9437,2.1681,-1
2018,2018-07-07,Quarter-finals,Sweden,England,0,2,,,1795.0,1940.0,1.5945,2.2086,0.0589,0.235,-1
2018,2018-07-07,Quarter-finals,Russia,Croatia,2,2,3.0,4.0,1684.0,1853.0,-0.7086,-1.1956,-2.9907,1.5793,0
2018,2018-07-10,Semi-finals,France,Belgium,1,0,,,1994.0,1929.0,-0.2476,3.263,2.5798,2.1681,1
2018,2018-07-11,Semi-finals,Croatia,England,2,1,,,1853.0,1940.0,-1.1956,2.2086,1.5793,0.235,1
2018,2018-07-14,Third-place match,Belgium,England,2,0,,,1929.0,1940.0,3.263,2.2086,2.1681,0.235,1
2018,2018-07-15,Final,France,Croatia,4,2,,,1994.0,1853.0,-0.2476,-1.1956,2.5798,1.5793,1
